{
  "epochs": [
    1,
    2,
    3
  ],
  "train_losses": [
    0.002484170821048598,
    6.651984099814458e-05,
    1.3051592569507276e-05
  ],
  "val_losses": [
    8.652657915939554e-06,
    3.76972348581498e-05,
    3.266935750499938e-06
  ],
  "learning_rates": [
    0.001,
    0.001,
    0.001
  ],
  "best_val_loss": 3.266935750499938e-06,
  "best_epoch": 3
}